{"auc": [0.8282330632209778, 0.9349400401115417], "loss": [0.11309551447629929, 0.06610284000635147], "val_auc": [0.9594557881355286, 0.9737255573272705], "val_loss": [0.06165076419711113, 0.055123742669820786]}